CHROM,POS,ID,REF,ALT_1,ALT_2,ALT_3,QUAL,AC_1,AC_2,AC_3,AN,Locus_1,Locus_2,Locus_3,AaChange_1,AaChange_2,AaChange_3,Pathogenicity_1,Pathogenicity_2,Pathogenicity_3,DiseaseScore_1,DiseaseScore_2,DiseaseScore_3,HmtVar_1,HmtVar_2,HmtVar_3,FILTER_PASS,numalt,altlen_1,altlen_2,altlen_3,is_snp
chrMT,73,.,A,G,,,,2,-1,-1,2,MT-DLOOP,,,.,,,.,,,.,,,19,,,True,1,0,0,0,True
chrMT,97,.,GC,G,GCT,,,1,1,-1,4,MT-DLOOP,.,,.,.,,.,.,,.,.,,30,.,,True,2,-1,1,0,False
chrMT,106,.,GG,G,,,,1,-1,-1,2,MT-DLOOP,,,.,,,.,,,.,,,34,,,True,1,-1,0,0,False
chrMT,152,.,T,C,,,,1,-1,-1,2,MT-DLOOP,,,.,,,.,,,.,,,50,,,True,1,0,0,0,True
chrMT,190,.,C,CA,,,,1,-1,-1,2,MT-DLOOP,,,.,,,.,,,.,,,69,,,True,1,1,0,0,False
chrMT,191,.,AT,A,,,,1,-1,-1,2,MT-DLOOP,,,.,,,.,,,.,,,73,,,True,1,-1,0,0,False
chrMT,195,.,T,C,,,,2,-1,-1,2,MT-DLOOP,,,.,,,.,,,.,,,76,,,True,1,0,0,0,True
chrMT,203,.,G,GT,,,,1,-1,-1,2,MT-DLOOP,,,.,,,.,,,.,,,80,,,True,1,1,0,0,False
chrMT,248,.,AA,A,,,,1,-1,-1,2,MT-DLOOP,,,.,,,.,,,.,,,116,,,True,1,-1,0,0,False
chrMT,263,.,A,G,,,,1,-1,-1,2,MT-DLOOP,,,.,,,.,,,.,,,128,,,True,1,0,0,0,True
chrMT,290,.,AA,A,,,,1,-1,-1,2,MT-DLOOP,,,.,,,.,,,.,,,134,,,True,1,-1,0,0,False
chrMT,309,.,CT,C,CCT,,,2,-1,-1,2,MT-DLOOP,.,,.,.,,.,.,,.,.,,147,.,,True,2,-1,1,0,False
chrMT,310,.,T,C,,,,1,-1,-1,2,MT-DLOOP,,,.,,,.,,,.,,,146,,,True,1,0,0,0,True
chrMT,375,.,C,CC,,,,1,-1,-1,2,MT-DLOOP,,,.,,,.,,,.,,,162,,,True,1,1,0,0,False
chrMT,383,.,T,TT,,,,1,-1,-1,2,MT-DLOOP,,,.,,,.,,,.,,,166,,,True,1,1,0,0,False
chrMT,404,.,CT,C,,,,1,-1,-1,2,MT-DLOOP,,,.,,,.,,,.,,,170,,,True,1,-1,0,0,False
chrMT,514,.,C,CCG,,,,1,-1,-1,2,MT-DLOOP,,,.,,,.,,,.,,,204,,,True,1,2,0,0,False
chrMT,522,.,CNN,C,,,,1,-1,-1,2,MT-DLOOP,,,.,,,.,,,.,,,209,,,True,1,-2,0,0,False
chrMT,567,.,A,AC,,,,1,-1,-1,2,MT-DLOOP,,,.,,,.,,,.,,,219,,,True,1,1,0,0,False
chrMT,709,.,G,A,,,,1,-1,-1,2,MT-RNR1,,,.,,,.,,,.,,,446,,,True,1,0,0,0,True
chrMT,750,.,A,G,,,,1,-1,-1,2,MT-RNR1,,,.,,,.,,,.,,,461,,,True,1,0,0,0,True
chrMT,959,.,CC,C,,,,1,-1,-1,2,MT-RNR1,,,.,,,.,,,.,,,504,,,True,1,-1,0,0,False
chrMT,960,.,CT,C,CCT,,,1,1,-1,4,MT-RNR1,.,,.,.,,.,.,,0.2,.,,510,.,,True,2,-1,1,0,False
chrMT,961,.,T,TC,,,,1,-1,-1,2,MT-RNR1,,,.,,,.,,,.,,,506,,,True,1,1,0,0,False
chrMT,1438,.,A,G,,,,1,-1,-1,2,MT-RNR1,,,.,,,.,,,.,,,588,,,True,1,0,0,0,True
chrMT,1888,.,G,A,,,,1,-1,-1,2,MT-RNR2,,,.,,,.,,,.,,,863,,,True,1,0,0,0,True
chrMT,2394,.,AA,A,,,,1,-1,-1,2,MT-RNR2,,,.,,,.,,,.,,,916,,,True,1,-1,0,0,False
chrMT,2706,.,A,G,,,,1,-1,-1,2,MT-RNR2,,,.,,,.,,,.,,,940,,,True,1,0,0,0,True
chrMT,2998,.,T,TT,,,,1,-1,-1,2,MT-RNR2,,,.,,,.,,,.,,,996,,,True,1,1,0,0,False
chrMT,3270,.,CT,C,,,,1,-1,-1,2,MT-TL1,,,.,,,VUS,,,.,,,1147,,,True,1,-1,0,0,False
chrMT,3271,.,TT,T,,,,1,-1,-1,2,MT-TL1,,,.,,,likely_pathogenic,,,0.4,,,1150,,,True,1,-1,0,0,False
chrMT,4216,.,T,C,,,,1,-1,-1,2,MT-ND1,,,Y304H,,,polymorphic,,,0.11,,,3354,,,True,1,0,0,0,True
chrMT,4316,.,AA,A,,,,1,-1,-1,2,MT-TI,,,.,,,.,,,.,,,3632,,,True,1,-1,0,0,False
chrMT,4769,.,A,G,,,,1,-1,-1,2,MT-ND2,,,M100M,,,.,,,.,,,4804,,,True,1,0,0,0,True
chrMT,5001,.,A,AA,,,,1,-1,-1,2,MT-ND2,,,frameshift,,,.,,,.,,,5343,,,True,1,1,0,0,False
chrMT,5250,.,TT,T,,,,1,-1,-1,2,MT-ND2,,,frameshift,,,.,,,.,,,5913,,,True,1,-1,0,0,False
chrMT,5407,.,TA,T,,,,1,-1,-1,2,MT-ND2,,,frameshift,,,.,,,.,,,6287,,,True,1,-1,0,0,False
chrMT,5537,.,A,AT,,,,1,-1,-1,2,MT-TW,,,.,,,pathogenic,,,0.65,,,6603,,,True,1,1,0,0,False
chrMT,5884,.,AT,A,,,,1,-1,-1,2,MT-TY,,,.,,,likely_pathogenic,,,0.65,,,7678,,,True,1,-1,0,0,False
chrMT,6697,.,AA,A,,,,1,-1,-1,2,MT-CO1,,,frameshift,,,.,,,.,,,9539,,,True,1,-1,0,0,False
chrMT,7028,.,C,T,,,,1,-1,-1,2,MT-CO1,,,A375A,,,.,,,.,,,10317,,,True,1,0,0,0,True
chrMT,7406,.,C,CCCC,,,,1,-1,-1,2,MT-CO1,,,in_frame_indel,,,.,,,.,,,11205,,,True,1,3,0,0,False
chrMT,7470,.,CC,C,,,,1,-1,-1,2,MT-TS1,,,.,,,.,,,.,,,11382,,,True,1,-1,0,0,False
chrMT,7472,.,A,AC,,,,1,-1,-1,2,MT-TS1,,,.,,,pathogenic,,,0.9,,,11386,,,True,1,1,0,0,False
chrMT,8280,.,ACCCCCTCTA,A,,,,1,-1,-1,2,MT-NC7,,,.,,,.,,,.,,,13334,,,True,1,-9,0,0,False
chrMT,8697,.,G,A,,,,1,-1,-1,2,MT-ATP6,,,M57M,,,.,,,.,,,14492,,,True,1,0,0,0,True
chrMT,8860,.,A,G,,,,1,-1,-1,2,MT-ATP6,,,T112A,,,polymorphic,,,0.14,,,14872,,,True,1,0,0,0,True
chrMT,8935,.,C,T,,,,1,-1,-1,2,MT-ATP6,,,L137F,,,pathogenic,,,0.81,,,15048,,,True,1,0,0,0,True
chrMT,9389,.,A,G,,,,1,-1,-1,2,MT-CO3,,,V61V,,,.,,,.,,,16110,,,True,1,0,0,0,True
chrMT,9536,.,CC,C,,,,1,-1,-1,2,MT-CO3,,,frameshift,,,.,,,.,,,16466,,,True,1,-1,0,0,False
chrMT,9537,.,C,CC,,,,1,-1,-1,2,MT-CO3,,,frameshift,,,.,,,.,,,16464,,,True,1,1,0,0,False
chrMT,10463,.,T,C,,,,1,-1,-1,2,MT-TR,,,.,,,polymorphic,,,0.2,,,18734,,,True,1,0,0,0,True
chrMT,10952,.,C,CC,,,,1,-1,-1,2,MT-ND4,,,frameshift,,,.,,,.,,,19898,,,True,1,1,0,0,False
chrMT,11251,.,A,G,,,,1,-1,-1,2,MT-ND4,,,L164L,,,.,,,.,,,20593,,,True,1,0,0,0,True
chrMT,11621,.,ATA,A,,,,1,-1,-1,2,MT-ND4,,,frameshift,,,.,,,.,,,21459,,,True,1,-2,0,0,False
chrMT,11719,.,G,A,,,,1,-1,-1,2,MT-ND4,,,G320G,,,.,,,.,,,21687,,,True,1,0,0,0,True
chrMT,11872,.,C,CC,,,,1,-1,-1,2,MT-ND4,,,frameshift,,,.,,,.,,,22039,,,True,1,1,0,0,False
chrMT,12232,.,TC,T,,,,1,-1,-1,2,MT-TS2,,,.,,,VUS,,,.,,,22938,,,True,1,-1,0,0,False
chrMT,12384,.,T,TT,,,,1,-1,-1,2,MT-ND5,,,frameshift,,,.,,,.,,,23359,,,True,1,1,0,0,False
chrMT,12633,.,C,A,,,,1,-1,-1,2,MT-ND5,,,S99S,,,.,,,.,,,23953,,,True,1,0,0,0,True
chrMT,13083,.,A,AC,,,,1,-1,-1,2,MT-ND5,,,frameshift,,,.,,,.,,,25011,,,True,1,1,0,0,False
chrMT,13368,.,G,A,,,,1,-1,-1,2,MT-ND5,,,G344G,,,.,,,.,,,25677,,,True,1,0,0,0,True
chrMT,14080,.,G,GA,,,,1,-1,-1,2,MT-ND5,,,frameshift,,,.,,,.,,,27323,,,True,1,1,0,0,False
chrMT,14509,.,AA,A,,,,1,-1,-1,2,MT-ND6,,,frameshift,,,.,,,.,,,28340,,,True,1,-1,0,0,False
chrMT,14766,.,C,T,,,,1,-1,-1,2,MT-CYB,,,T7I,,,polymorphic,,,0.09,,,28983,,,True,1,0,0,0,True
chrMT,15326,.,A,G,,,,1,-1,-1,2,MT-CYB,,,T194A,,,polymorphic,,,0.12,,,30311,,,True,1,0,0,0,True
chrMT,15452,.,C,A,,,,1,-1,-1,2,MT-CYB,,,L236I,,,polymorphic,,,0.15,,,30609,,,True,1,0,0,0,True
chrMT,15540,.,C,CC,,,,1,-1,-1,2,MT-CYB,,,frameshift,,,.,,,.,,,30816,,,True,1,1,0,0,False
chrMT,15939,.,CT,C,,,,1,-1,-1,2,MT-TT,,,.,,,polymorphic,,,0.0,,,31905,,,True,1,-1,0,0,False
chrMT,16032,.,T,TTTCTCTGTTCTTTCAT,,,,1,-1,-1,2,MT-DLOOP,,,.,,,.,,,.,,,32156,,,True,1,16,0,0,False
chrMT,16052,.,CC,C,,,,1,-1,-1,2,MT-DLOOP,,,.,,,.,,,.,,,32166,,,True,1,-1,0,0,False
chrMT,16163,.,A,G,,,,1,-1,-1,2,MT-DLOOP,,,.,,,.,,,.,,,32198,,,True,1,0,0,0,True
chrMT,16182,.,AA,A,,,,1,-1,-1,2,MT-DLOOP,,,.,,,.,,,.,,,32209,,,True,1,-1,0,0,False
chrMT,16186,.,C,T,,,,1,-1,-1,2,MT-DLOOP,,,.,,,.,,,.,,,39829,,,True,1,0,0,0,True
chrMT,16189,.,T,TT,,,,1,-1,-1,2,MT-DLOOP,,,.,,,.,,,.,,,32216,,,True,1,1,0,0,False
chrMT,16193,.,C,CC,CCC,CCCC,,1,1,-1,4,MT-DLOOP,.,.,.,.,.,.,.,.,.,.,.,32220,.,.,True,3,1,2,3,False
chrMT,16294,.,C,T,,,,1,-1,-1,2,MT-DLOOP,,,.,,,.,,,.,,,32288,,,True,1,0,0,0,True
chrMT,16519,.,T,C,,,,2,-1,-1,2,MT-DLOOP,,,.,,,.,,,.,,,32334,,,True,1,0,0,0,True
