CHROM,POS,ID,REF,ALT_1,ALT_2,ALT_3,QUAL,AC_1,AC_2,AC_3,AN,Locus_1,Locus_2,Locus_3,AaChange_1,AaChange_2,AaChange_3,Pathogenicity_1,Pathogenicity_2,Pathogenicity_3,DiseaseScore_1,DiseaseScore_2,DiseaseScore_3,HmtVar_1,HmtVar_2,HmtVar_3,Clinvar_1,Clinvar_2,Clinvar_3,dbSNP_1,dbSNP_2,dbSNP_3,OMIM_1,OMIM_2,OMIM_3,MitomapAssociatedDiseases_1,MitomapAssociatedDiseases_2,MitomapAssociatedDiseases_3,MitomapSomaticMutations_1,MitomapSomaticMutations_2,MitomapSomaticMutations_3,NtVarH_1,NtVarH_2,NtVarH_3,NtVarP_1,NtVarP_2,NtVarP_3,AaVarH_1,AaVarH_2,AaVarH_3,AaVarP_1,AaVarP_2,AaVarP_3,AlleleFreqH_1,AlleleFreqH_2,AlleleFreqH_3,AlleleFreqP_1,AlleleFreqP_2,AlleleFreqP_3,AlleleFreqH_AF_1,AlleleFreqH_AF_2,AlleleFreqH_AF_3,AlleleFreqP_AF_1,AlleleFreqP_AF_2,AlleleFreqP_AF_3,AlleleFreqH_AM_1,AlleleFreqH_AM_2,AlleleFreqH_AM_3,AlleleFreqP_AM_1,AlleleFreqP_AM_2,AlleleFreqP_AM_3,AlleleFreqH_AS_1,AlleleFreqH_AS_2,AlleleFreqH_AS_3,AlleleFreqP_AS_1,AlleleFreqP_AS_2,AlleleFreqP_AS_3,AlleleFreqH_EU_1,AlleleFreqH_EU_2,AlleleFreqH_EU_3,AlleleFreqP_EU_1,AlleleFreqP_EU_2,AlleleFreqP_EU_3,AlleleFreqH_OC_1,AlleleFreqH_OC_2,AlleleFreqH_OC_3,AlleleFreqP_OC_1,AlleleFreqP_OC_2,AlleleFreqP_OC_3,MutPred_Prediction_1,MutPred_Prediction_2,MutPred_Prediction_3,MutPred_Probability_1,MutPred_Probability_2,MutPred_Probability_3,Panther_Prediction_1,Panther_Prediction_2,Panther_Prediction_3,Panther_Probability_1,Panther_Probability_2,Panther_Probability_3,PhDSNP_Prediction_1,PhDSNP_Prediction_2,PhDSNP_Prediction_3,PhDSNP_Probability_1,PhDSNP_Probability_2,PhDSNP_Probability_3,SNPsGO_Prediction_1,SNPsGO_Prediction_2,SNPsGO_Prediction_3,SNPsGO_Probability_1,SNPsGO_Probability_2,SNPsGO_Probability_3,Polyphen2HumDiv_Prediction_1,Polyphen2HumDiv_Prediction_2,Polyphen2HumDiv_Prediction_3,Polyphen2HumDiv_Probability_1,Polyphen2HumDiv_Probability_2,Polyphen2HumDiv_Probability_3,Polyphen2HumVar_Prediction_1,Polyphen2HumVar_Prediction_2,Polyphen2HumVar_Prediction_3,Polyphen2HumVar_Probability_1,Polyphen2HumVar_Probability_2,Polyphen2HumVar_Probability_3,FILTER_PASS,numalt,altlen_1,altlen_2,altlen_3,is_snp
chrMT,73,.,A,G,,,,2,-1,-1,2,MT-DLOOP,,,.,,,.,,,.,,,19,,,.,,,rs869183622,,,.,,,.,,,aging brains%2C POLG/PEO & control muscle%2C buccal cell%2C thyroid & prostate tumors,,,0.6925600000000001,,,0.635228,,,.,,,.,,,0.7287253014,,,0.6946212953,,,0.8681630547,,,0.7777777778,,,0.8368794326000001,,,0.8965517241,,,0.7286842458,,,0.987432675,,,0.5775329661,,,0.5152692947999999,,,0.9846055164,,,0.0,,,.,,,.,,,.,,,.,,,.,,,.,,,.,,,.,,,.,,,.,,,.,,,.,,,True,1,0,0,0,True
chrMT,97,.,GC,G,GCT,,,1,1,-1,4,MT-DLOOP,.,,.,.,,.,.,,.,.,,30,.,,.,.,,.,.,,.,.,,.,.,,thyroid tumor,.,,0.00025,.,,0.0,.,,.,.,,.,.,,0.0637943743,.,,0.0050493963,.,,0.007997936,.,,0.0,.,,0.0416666667,.,,0.0,.,,0.21964931070000002,.,,0.0017953321,.,,0.0410615924,.,,0.0027762354,.,,0.006414368199999999,.,,0.0,.,,.,.,,.,.,,.,.,,.,.,,.,.,,.,.,,.,.,,.,.,,.,.,,.,.,,.,.,,.,.,,True,2,-1,1,0,False
chrMT,106,.,GG,G,,,,1,-1,-1,2,MT-DLOOP,,,.,,,.,,,.,,,34,,,.,,,.,,,.,,,.,,,thyroid tumor,,,0.00038500000000000003,,,0.0,,,.,,,.,,,0.06479301900000001,,,0.0054884742,,,0.008255934,,,0.0,,,0.051122931399999995,,,0.0,,,0.22005086329999998,,,0.0017953321,,,0.041311968,,,0.0027762354,,,0.006414368199999999,,,0.0,,,.,,,.,,,.,,,.,,,.,,,.,,,.,,,.,,,.,,,.,,,.,,,.,,,True,1,-1,0,0,False
chrMT,152,.,T,C,,,,1,-1,-1,2,MT-DLOOP,,,.,,,.,,,.,,,50,,,.,,,rs117135796,,,.,,,.,,,elderly brains%2C elderly fibroblasts%2C ovarian carcinoma%2C breast tumor,,,0.709627,,,0.5048729999999999,,,.,,,.,,,0.26630525239999997,,,0.227442371,,,0.6204850360999999,,,0.5138888889,,,0.2157210402,,,0.6206896552000001,,,0.2051934145,,,0.2280071813,,,0.20981472210000002,,,0.18989450309999997,,,0.1776779987,,,0.0,,,.,,,.,,,.,,,.,,,.,,,.,,,.,,,.,,,.,,,.,,,.,,,.,,,True,1,0,0,0,True
chrMT,190,.,C,CA,,,,1,-1,-1,2,MT-DLOOP,,,.,,,.,,,.,,,69,,,.,,,.,,,.,,,.,,,POLG/PEO muscle,,,0.0,,,0.0,,,.,,,.,,,0.0004042133,,,0.0,,,0.0,,,0.0,,,0.0,,,0.0,,,0.0022754651,,,0.0,,,0.0,,,0.0,,,0.0,,,0.0,,,.,,,.,,,.,,,.,,,.,,,.,,,.,,,.,,,.,,,.,,,.,,,.,,,True,1,1,0,0,False
chrMT,191,.,AT,A,,,,1,-1,-1,2,MT-DLOOP,,,.,,,.,,,.,,,73,,,.,,,.,,,.,,,.,,,POLG/PEO muscle,,,0.001099,,,0.000567,,,.,,,.,,,0.0637468198,,,0.0054884742,,,0.007997936,,,0.0,,,0.0416666667,,,0.0,,,0.21964931070000002,,,0.0017953321,,,0.0410615924,,,0.0027762354,,,0.006414368199999999,,,0.0,,,.,,,.,,,.,,,.,,,.,,,.,,,.,,,.,,,.,,,.,,,.,,,.,,,True,1,-1,0,0,False
chrMT,195,.,T,C,,,,2,-1,-1,2,MT-DLOOP,,,.,,,.,,,.,,,76,,,.,,,rs2857291,,,.,,,BD-associated / melanoma pts,,,elderly fibroblasts%2C elderly/AD brains%2C tumors%3A lung%2C thyroid%2C ovarian%2C prostate%2C glioblastoma,,,0.58012,,,0.383902,,,.,,,.,,,0.20010937539999998,,,0.1527991218,,,0.5503095975,,,0.4166666667,,,0.146572104,,,0.44827586210000003,,,0.119394994,,,0.0861759425,,,0.1655817059,,,0.176568573,,,0.123797306,,,0.0,,,.,,,.,,,.,,,.,,,.,,,.,,,.,,,.,,,.,,,.,,,.,,,.,,,True,1,0,0,0,True
chrMT,203,.,G,GT,,,,1,-1,-1,2,MT-DLOOP,,,.,,,.,,,.,,,80,,,.,,,.,,,.,,,.,,,POLG/PEO muscle,,,0.0,,,0.0,,,.,,,.,,,0.0,,,0.0,,,0.0,,,0.0,,,0.0,,,0.0,,,0.0,,,0.0,,,0.0,,,0.0,,,0.0,,,0.0,,,.,,,.,,,.,,,.,,,.,,,.,,,.,,,.,,,.,,,.,,,.,,,.,,,True,1,1,0,0,False
chrMT,248,.,AA,A,,,,1,-1,-1,2,MT-DLOOP,,,.,,,.,,,.,,,116,,,.,,,.,,,.,,,.,,,ovarian control tissue,,,0.005404,,,0.008986,,,.,,,.,,,0.0906151176,,,0.052469813399999995,,,0.0118679051,,,0.0,,,0.1264775414,,,0.0,,,0.2588676215,,,0.1238779174,,,0.053663829100000005,,,0.0077734592,,,0.007055805,,,0.0,,,.,,,.,,,.,,,.,,,.,,,.,,,.,,,.,,,.,,,.,,,.,,,.,,,True,1,-1,0,0,False
chrMT,263,.,A,G,,,,1,-1,-1,2,MT-DLOOP,,,.,,,.,,,.,,,128,,,434777,,,rs2853515,,,.,,,.,,,POLG/MNGIE muscle,,,0.064124,,,0.100418,,,.,,,.,,,0.9104310816,,,0.9538968167,,,0.8137254902,,,0.8194444444,,,0.9488770686,,,0.9655172414000001,,,0.7733904429999999,,,0.9766606822,,,0.9509263896,,,0.9561354803000001,,,0.9910198845,,,0.0,,,.,,,.,,,.,,,.,,,.,,,.,,,.,,,.,,,.,,,.,,,.,,,.,,,True,1,0,0,0,True
chrMT,290,.,AA,A,,,,1,-1,-1,2,MT-DLOOP,,,.,,,.,,,.,,,134,,,.,,,.,,,.,,,.,,,MNGIE fibroblasts,,,0.002523,,,0.001235,,,.,,,.,,,0.0730912809,,,0.006805708000000001,,,0.010835913300000001,,,0.013888888899999998,,,0.12086288419999999,,,0.0,,,0.2231294338,,,0.0026929982,,,0.042313470199999995,,,0.0027762354,,,0.006414368199999999,,,0.0,,,.,,,.,,,.,,,.,,,.,,,.,,,.,,,.,,,.,,,.,,,.,,,.,,,True,1,-1,0,0,False
chrMT,309,.,CT,C,CCT,,,2,-1,-1,2,MT-DLOOP,.,,.,.,,.,.,,.,.,,147,.,,.,.,,.,.,,.,.,,.,.,,breast tumor,.,,0.350012,.,,0.396335,.,,.,.,,.,.,,0.0796300259,.,,0.096597146,.,,0.014963880300000001,.,,0.0,.,,0.057328605199999993,.,,0.0,.,,0.2224601794,.,,0.0026929982,.,,0.053246536500000004,.,,0.14769572460000002,.,,0.006414368199999999,.,,0.0,.,,.,.,,.,.,,.,.,,.,.,,.,.,,.,.,,.,.,,.,.,,.,.,,.,.,,.,.,,.,.,,True,2,-1,1,0,False
chrMT,310,.,T,C,,,,1,-1,-1,2,MT-DLOOP,,,.,,,.,,,.,,,146,,,.,,,.,,,.,,,.,,,normal buccal swab,,,0.350012,,,0.396335,,,.,,,.,,,0.08935492310000001,,,0.7437980241,,,0.1024251806,,,0.9861111111,,,0.0472813239,,,0.8620689655,,,0.048855574900000004,,,0.9964093356999999,,,0.0718577867,,,0.7268184342,,,0.14753046820000001,,,0.0,,,.,,,.,,,.,,,.,,,.,,,.,,,.,,,.,,,.,,,.,,,.,,,.,,,True,1,0,0,0,True
chrMT,375,.,C,CC,,,,1,-1,-1,2,MT-DLOOP,,,.,,,.,,,.,,,162,,,.,,,.,,,.,,,.,,,colonic crypts,,,0.0,,,0.0,,,.,,,.,,,0.9356825261,,,0.9942919868000001,,,0.991744066,,,1.0,,,0.9580378251,,,1.0,,,0.7786106278,,,0.9982046679000001,,,0.9586880320000001,,,0.9966685175,,,0.992944195,,,0.0,,,.,,,.,,,.,,,.,,,.,,,.,,,.,,,.,,,.,,,.,,,.,,,.,,,True,1,1,0,0,False
chrMT,383,.,T,TT,,,,1,-1,-1,2,MT-DLOOP,,,.,,,.,,,.,,,166,,,.,,,.,,,.,,,.,,,elderly fibroblasts,,,0.0,,,0.0,,,.,,,.,,,0.9361342939,,,0.9942919868000001,,,0.992002064,,,1.0,,,0.9577423168000001,,,1.0,,,0.7803506893000001,,,0.9982046679000001,,,0.9589384076,,,0.9966685175,,,0.9935856318,,,0.0,,,.,,,.,,,.,,,.,,,.,,,.,,,.,,,.,,,.,,,.,,,.,,,.,,,True,1,1,0,0,False
chrMT,404,.,CT,C,,,,1,-1,-1,2,MT-DLOOP,,,.,,,.,,,.,,,170,,,.,,,.,,,.,,,.,,,Twinkle/PEO frontal cortex,,,0.0,,,0.0,,,.,,,.,,,0.063675488,,,0.0054884742,,,0.007997936,,,0.0,,,0.0416666667,,,0.0,,,0.2193816089,,,0.0017953321,,,0.0410615924,,,0.0027762354,,,0.006414368199999999,,,0.0,,,.,,,.,,,.,,,.,,,.,,,.,,,.,,,.,,,.,,,.,,,.,,,.,,,True,1,-1,0,0,False
chrMT,514,.,C,CCG,,,,1,-1,-1,2,MT-DLOOP,,,.,,,.,,,.,,,204,,,.,,,.,,,.,,,.,,,head/neck tumor,,,0.0,,,0.0,,,.,,,.,,,5.7e-09,,,0.0,,,0.0,,,0.0,,,6.986e-07,,,0.0,,,0.0,,,0.0,,,0.0,,,0.0,,,0.0,,,0.0,,,.,,,.,,,.,,,.,,,.,,,.,,,.,,,.,,,.,,,.,,,.,,,.,,,True,1,2,0,0,False
chrMT,522,.,CNN,C,,,,1,-1,-1,2,MT-DLOOP,,,.,,,.,,,.,,,209,,,.,,,rs78907894,,,.,,,.,,,.,,,0.008953000000000001,,,0.0,,,.,,,.,,,0.3152388425,,,0.0507135016,,,0.4742002064,,,0.0,,,0.3640661939,,,0.034482758599999996,,,0.42751974299999995,,,0.0071813285,,,0.17968619600000002,,,0.019433648,,,0.7389352148999999,,,0.0,,,.,,,.,,,.,,,.,,,.,,,.,,,.,,,.,,,.,,,.,,,.,,,.,,,True,1,-2,0,0,False
chrMT,567,.,A,AC,,,,1,-1,-1,2,MT-DLOOP,,,.,,,.,,,.,,,219,,,.,,,.,,,.,,,.,,,Twinkle/PEO frontal cortex,,,0.0,,,0.0,,,.,,,.,,,0.0005468769,,,0.0013172338,,,0.0005159959,,,0.0,,,0.0008865247999999999,,,0.0,,,0.0005354036,,,0.0,,,0.0009180436999999999,,,0.0027762354,,,0.0,,,0.0,,,.,,,.,,,.,,,.,,,.,,,.,,,.,,,.,,,.,,,.,,,.,,,.,,,True,1,1,0,0,False
chrMT,709,.,G,A,,,,1,-1,-1,2,MT-RNR1,,,.,,,.,,,.,,,446,,,.,,,rs2853517,,,.,,,Possibly LVNC-associated,,,.,,,0.476357,,,0.0,,,.,,,.,,,0.1244263737,,,0.1477497256,,,0.1060371517,,,0.055555555599999994,,,0.079787234,,,0.20689655170000001,,,0.1545977781,,,0.1759425494,,,0.13486897009999999,,,0.143808995,,,0.0186016677,,,0.0,,,.,,,.,,,.,,,.,,,.,,,.,,,.,,,.,,,.,,,.,,,.,,,.,,,True,1,0,0,0,True
chrMT,750,.,A,G,,,,1,-1,-1,2,MT-RNR1,,,.,,,.,,,.,,,461,,,434781,,,rs2853518,,,.,,,.,,,.,,,0.050588,,,0.0,,,.,,,.,,,0.9246023254000001,,,0.9688254665,,,0.9600103199,,,0.9583333333,,,0.9494680851,,,0.9310344828,,,0.7767367153,,,0.9946140036,,,0.9489233851000001,,,0.9761243753,,,0.992944195,,,0.0,,,.,,,.,,,.,,,.,,,.,,,.,,,.,,,.,,,.,,,.,,,.,,,.,,,True,1,0,0,0,True
chrMT,959,.,CC,C,,,,1,-1,-1,2,MT-RNR1,,,.,,,.,,,.,,,504,,,not specified,,,rs397515730,,,.,,,CPEO / poss. hypertension factor,,,.,,,9.7e-05,,,0.000606,,,.,,,.,,,0.0695009154,,,0.3503841932,,,0.011609907099999999,,,0.0,,,0.042553191500000004,,,0.1034482759,,,0.2215232231,,,0.6526032316,,,0.0499081956,,,0.15546918380000002,,,0.0083386786,,,0.0,,,.,,,.,,,.,,,.,,,.,,,.,,,.,,,.,,,.,,,.,,,.,,,.,,,True,1,-1,0,0,False
chrMT,960,.,CT,C,CCT,,,1,1,-1,4,MT-RNR1,.,,.,.,,.,.,,0.2,.,,510,.,,.,.,,.,.,,.,.,,DM,.,,.,.,,0.0636,.,,0.001253,.,,.,.,,.,.,,0.0633663837,.,,0.0041712404,.,,0.0077399381000000005,.,,0.0,.,,0.0410756501,.,,0.0,.,,0.2193816089,.,,0.0017953321,.,,0.0407277583,.,,0.0005552471,.,,0.006414368199999999,.,,0.0,.,,.,.,,.,.,,.,.,,.,.,,.,.,,.,.,,.,.,,.,.,,.,.,,.,.,,.,.,,.,.,,True,2,-1,1,0,False
chrMT,961,.,T,TC,,,,1,-1,-1,2,MT-RNR1,,,.,,,.,,,.,,,506,,,.,,,.,,,.,,,MERRF / KSS overlap,,,.,,,0.0,,,0.000704,,,.,,,.,,,0.0084409254,,,0.015148188799999998,,,0.0185758514,,,0.055555555599999994,,,0.0067966903,,,0.0,,,0.0108419221,,,0.0368043088,,,0.005675179399999999,,,0.006662965,,,0.0019243104999999998,,,0.0,,,.,,,.,,,.,,,.,,,.,,,.,,,.,,,.,,,.,,,.,,,.,,,.,,,True,1,1,0,0,False
chrMT,1438,.,A,G,,,,1,-1,-1,2,MT-RNR1,,,.,,,.,,,.,,,588,,,51390,,,rs2001030,,,.,,,.,,,.,,,0.13453800000000002,,,0.0,,,.,,,.,,,0.8933352354999999,,,0.9387486279,,,0.8039215686,,,0.8055555556,,,0.9335106383,,,0.8620689655,,,0.7677687056999999,,,0.9694793537,,,0.924887331,,,0.9394780677,,,0.9884541373000001,,,0.0,,,.,,,.,,,.,,,.,,,.,,,.,,,.,,,.,,,.,,,.,,,.,,,.,,,True,1,0,0,0,True
chrMT,1888,.,G,A,,,,1,-1,-1,2,MT-RNR2,,,.,,,.,,,.,,,863,,,.,,,rs2897260,,,.,,,Combined OXPHOS defects & severe multisystem disorder,,,.,,,0.186595,,,0.0,,,.,,,.,,,0.0538317046,,,0.0603732162,,,0.0134158927,,,0.027777777799999997,,,0.05821513,,,0.0,,,0.0373443983,,,0.0161579892,,,0.07728259059999999,,,0.0960577457,,,0.0006414368,,,0.0,,,.,,,.,,,.,,,.,,,.,,,.,,,.,,,.,,,.,,,.,,,.,,,.,,,True,1,0,0,0,True
chrMT,2394,.,AA,A,,,,1,-1,-1,2,MT-RNR2,,,.,,,.,,,.,,,916,,,.,,,rs373605184,,,.,,,LIMM / MERRF / mito disease,,,.,,,0.000321,,,0.0,,,.,,,.,,,0.0692155884,,,0.0074643248999999995,,,0.047729618200000004,,,0.055555555599999994,,,0.0422576832,,,0.0,,,0.22005086329999998,,,0.0017953321,,,0.0410615924,,,0.0005552471,,,0.006414368199999999,,,0.0,,,.,,,.,,,.,,,.,,,.,,,.,,,.,,,.,,,.,,,.,,,.,,,.,,,True,1,-1,0,0,False
chrMT,2706,.,A,G,,,,1,-1,-1,2,MT-RNR2,,,.,,,.,,,.,,,940,,,.,,,rs2854128,,,.,,,.,,,.,,,0.662275,,,0.0,,,.,,,.,,,0.7468197921999999,,,0.7047200878000001,,,0.8648090815,,,0.8472222222,,,0.8469267139,,,0.8965517241,,,0.745415607,,,0.9380610412999999,,,0.5983141379,,,0.5363686840999999,,,0.9807568954000001,,,0.0,,,.,,,.,,,.,,,.,,,.,,,.,,,.,,,.,,,.,,,.,,,.,,,.,,,True,1,0,0,0,True
chrMT,2998,.,T,TT,,,,1,-1,-1,2,MT-RNR2,,,.,,,.,,,.,,,996,,,.,,,.,,,.,,,.,,,lung tumor,,,0.0,,,0.0,,,.,,,.,,,0.9997146729,,,0.9989023052,,,1.0,,,1.0,,,0.9997044917,,,1.0,,,1.0,,,1.0,,,0.9997496243999999,,,0.9983342587,,,1.0,,,0.0,,,.,,,.,,,.,,,.,,,.,,,.,,,.,,,.,,,.,,,.,,,.,,,.,,,True,1,1,0,0,False
chrMT,3270,.,CT,C,,,,1,-1,-1,2,MT-TL1,,,.,,,VUS,,,.,,,1147,,,.,,,.,,,.,,,Ocular myopathy,,,.,,,0.0,,,0.0,,,.,,,.,,,0.0636992653,,,0.0041712404,,,0.0077399381000000005,,,0.0,,,0.0413711584,,,0.0,,,0.21924775800000001,,,0.0017953321,,,0.040894675299999995,,,0.0005552471,,,0.006414368199999999,,,0.0,,,.,,,.,,,.,,,.,,,.,,,.,,,.,,,.,,,.,,,.,,,.,,,.,,,True,1,-1,0,0,False
chrMT,3271,.,TT,T,,,,1,-1,-1,2,MT-TL1,,,.,,,likely_pathogenic,,,0.4,,,1150,,,.,,,.,,,.,,,Neuropsychiatric syndrome + cataract,,,.,,,7.2e-05,,,0.0,,,.,,,.,,,0.0636992653,,,0.0041712404,,,0.0077399381000000005,,,0.0,,,0.0413711584,,,0.0,,,0.21924775800000001,,,0.0017953321,,,0.040894675299999995,,,0.0005552471,,,0.006414368199999999,,,0.0,,,.,,,.,,,.,,,.,,,.,,,.,,,.,,,.,,,.,,,.,,,.,,,.,,,True,1,-1,0,0,False
chrMT,4216,.,T,C,,,,1,-1,-1,2,MT-ND1,,,Y304H,,,polymorphic,,,0.11,,,3354,,,24763,,,rs1599988,,,516000#0003,,,LHON / Insulin Resistance /possible adaptive high altitude variant,,,acute leukemia platelets%2C leukocytes & bone marrow,,,0.364143,,,0.24211,,,1.0,,,1.0,,,0.0984616116,,,0.1062568606,,,0.021929824599999998,,,0.0694444444,,,0.061465720999999994,,,0.06896551719999999,,,0.058492839000000005,,,0.0062836625,,,0.1650809548,,,0.183231538,,,0.0121872996,,,0.0,,,low_pathogenicity,,,0.611,,,neutral,,,0.11199999999999999,,,neutral,,,0.16,,,neutral,,,0.07400000000000001,,,benign,,,0.0,,,benign,,,0.006,,,True,1,0,0,0,True
chrMT,4316,.,AA,A,,,,1,-1,-1,2,MT-TI,,,.,,,.,,,.,,,3632,,,not specified,,,.,,,.,,,.,,,.,,,0.002007,,,0.0010789999999999999,,,.,,,.,,,0.0633663837,,,0.0050493963,,,0.007997936,,,0.0,,,0.0410756501,,,0.0,,,0.21924775800000001,,,0.0017953321,,,0.0407277583,,,0.0005552471,,,0.006414368199999999,,,0.0,,,.,,,.,,,.,,,.,,,.,,,.,,,.,,,.,,,.,,,.,,,.,,,.,,,True,1,-1,0,0,False
chrMT,4769,.,A,G,,,,1,-1,-1,2,MT-ND2,,,M100M,,,.,,,.,,,4804,,,434779,,,rs3021086,,,.,,,Mitochondrial myopathy,,,.,,,0.128025,,,0.134471,,,0.0803,,,0.0951,,,0.9789095751000001,,,0.9598243688,,,0.9909700722,,,0.9722222222,,,0.984929078,,,0.9655172414000001,,,0.9899611831999999,,,0.9919210054,,,0.9601068268999999,,,0.9539144919,,,0.98588839,,,0.0,,,.,,,.,,,.,,,.,,,.,,,.,,,.,,,.,,,.,,,.,,,.,,,.,,,True,1,0,0,0,True
chrMT,5001,.,A,AA,,,,1,-1,-1,2,MT-ND2,,,frameshift,,,.,,,.,,,5343,,,.,,,.,,,.,,,Developmental delay%2C seizure%2C cardiomyopathy%2C lactic acidosis,,,.,,,0.0,,,0.0,,,0.0015,,,0.0074,,,0.999809782,,,0.9986827662000001,,,1.0,,,1.0,,,1.0,,,1.0,,,1.0,,,1.0,,,0.999833083,,,0.9988895058,,,1.0,,,0.0,,,.,,,.,,,.,,,.,,,.,,,.,,,.,,,.,,,.,,,.,,,.,,,.,,,True,1,1,0,0,False
chrMT,5250,.,TT,T,,,,1,-1,-1,2,MT-ND2,,,frameshift,,,.,,,.,,,5913,,,.,,,.,,,.,,,.,,,parotid oncocytoma,,,0.0,,,0.0,,,0.0017,,,0.0055,,,9.5109e-05,,,0.0006586169,,,0.0,,,0.0,,,0.0,,,0.0,,,0.0004015527,,,0.0,,,8.345850000000001e-05,,,0.0,,,0.0,,,0.0,,,.,,,.,,,.,,,.,,,.,,,.,,,.,,,.,,,.,,,.,,,.,,,.,,,True,1,-1,0,0,False
chrMT,5407,.,TA,T,,,,1,-1,-1,2,MT-ND2,,,frameshift,,,.,,,.,,,6287,,,.,,,.,,,.,,,.,,,papillary thyroid carcinoma,,,0.00015800000000000002,,,0.0,,,0.0008,,,0.0,,,2.37773e-05,,,0.0006586169,,,0.0,,,0.0,,,0.0,,,0.0,,,0.0,,,0.0,,,8.345850000000001e-05,,,0.0,,,0.0,,,0.0,,,.,,,.,,,.,,,.,,,.,,,.,,,.,,,.,,,.,,,.,,,.,,,.,,,True,1,-1,0,0,False
chrMT,5537,.,A,AT,,,,1,-1,-1,2,MT-TW,,,.,,,pathogenic,,,0.65,,,6603,,,Encephalopathy%2C mitochondrial%3BLeigh syndrome,,,rs199474672,,,590095#0002,,,.,,,.,,,0.0,,,0.0,,,.,,,.,,,0.0,,,0.0,,,0.0,,,0.0,,,0.0,,,0.0,,,0.0,,,0.0,,,0.0,,,0.0,,,0.0,,,0.0,,,.,,,.,,,.,,,.,,,.,,,.,,,.,,,.,,,.,,,.,,,.,,,.,,,True,1,1,0,0,False
chrMT,5884,.,AT,A,,,,1,-1,-1,2,MT-TY,,,.,,,likely_pathogenic,,,0.65,,,7678,,,.,,,rs118203892,,,.,,,.,,,CPEO muscle,,,0.0,,,0.0,,,.,,,.,,,0.0633663837,,,0.0041712404,,,0.0077399381000000005,,,0.0,,,0.0410756501,,,0.0,,,0.21924775800000001,,,0.0017953321,,,0.0407277583,,,0.0005552471,,,0.006414368199999999,,,0.0,,,.,,,.,,,.,,,.,,,.,,,.,,,.,,,.,,,.,,,.,,,.,,,.,,,True,1,-1,0,0,False
chrMT,6697,.,AA,A,,,,1,-1,-1,2,MT-CO1,,,frameshift,,,.,,,.,,,9539,,,.,,,.,,,.,,,Myopathy,,,colonic crypts,,,0.000294,,,0.0,,,0.0041,,,0.1209,,,0.0633663837,,,0.0043907794,,,0.0077399381000000005,,,0.0,,,0.0410756501,,,0.0,,,0.21924775800000001,,,0.0017953321,,,0.0408112168,,,0.0005552471,,,0.006414368199999999,,,0.0,,,.,,,.,,,.,,,.,,,.,,,.,,,.,,,.,,,.,,,.,,,.,,,.,,,True,1,-1,0,0,False
chrMT,7028,.,C,T,,,,1,-1,-1,2,MT-CO1,,,A375A,,,.,,,.,,,10317,,,.,,,rs2015062,,,.,,,.,,,.,,,0.765318,,,0.623206,,,0.0,,,0.0,,,0.8189124284,,,0.7268935236,,,0.9767801858,,,0.9027777778,,,0.8874113475,,,0.8965517241,,,0.9621201981,,,0.9910233393000001,,,0.6190118511,,,0.5496946141,,,0.9910198845,,,0.0,,,.,,,.,,,.,,,.,,,.,,,.,,,.,,,.,,,.,,,.,,,.,,,.,,,True,1,0,0,0,True
chrMT,7406,.,C,CCCC,,,,1,-1,-1,2,MT-CO1,,,in_frame_indel,,,.,,,.,,,11205,,,.,,,.,,,.,,,.,,,head/neck tumor,,,0.0,,,0.0,,,0.0064,,,0.2626,,,0.9962953326,,,0.9947403131999999,,,1.0,,,1.0,,,0.998227998,,,1.0,,,0.9975926184,,,1.0,,,0.9987486445,,,0.9900388118000001,,,1.0,,,0.0,,,.,,,.,,,.,,,.,,,.,,,.,,,.,,,.,,,.,,,.,,,.,,,.,,,True,1,3,0,0,False
chrMT,7470,.,CC,C,,,,1,-1,-1,2,MT-TS1,,,.,,,.,,,.,,,11382,,,not specified,,,rs397515727,,,.,,,.,,,.,,,0.002082,,,0.003594,,,.,,,.,,,0.0641748104,,,0.0046103183,,,0.008255934,,,0.013888888899999998,,,0.0416666667,,,0.0,,,0.22031856510000003,,,0.0017953321,,,0.0411450509,,,0.0005552471,,,0.006414368199999999,,,0.0,,,.,,,.,,,.,,,.,,,.,,,.,,,.,,,.,,,.,,,.,,,.,,,.,,,True,1,-1,0,0,False
chrMT,7472,.,A,AC,,,,1,-1,-1,2,MT-TS1,,,.,,,pathogenic,,,0.9,,,11386,,,.,,,rs199474819,,,.,,,.,,,.,,,0.0,,,0.0,,,.,,,.,,,2.37773e-05,,,0.0,,,0.0,,,0.0,,,0.0,,,0.0,,,0.0,,,0.0,,,0.0,,,0.0,,,0.0,,,0.0,,,.,,,.,,,.,,,.,,,.,,,.,,,.,,,.,,,.,,,.,,,.,,,.,,,True,1,1,0,0,False
chrMT,8280,.,ACCCCCTCTA,A,,,,1,-1,-1,2,MT-NC7,,,.,,,.,,,.,,,13334,,,.,,,rs369704279,,,.,,,.,,,.,,,0.001309,,,0.001064,,,.,,,.,,,0.1297049243,,,0.049396267800000004,,,0.028121775,,,0.013888888899999998,,,0.1808510638,,,0.034482758599999996,,,0.27131575420000004,,,0.1113105925,,,0.052829243899999996,,,0.0099944475,,,0.4560615779,,,0.0,,,.,,,.,,,.,,,.,,,.,,,.,,,.,,,.,,,.,,,.,,,.,,,.,,,True,1,-9,0,0,False
chrMT,8697,.,G,A,,,,1,-1,-1,2,MT-ATP6,,,M57M,,,.,,,.,,,14492,,,.,,,.,,,.,,,.,,,thyroid tumor,,,0.173065,,,0.125671,,,0.0005,,,0.0049,,,0.0456047745,,,0.0535675082,,,0.012125903,,,0.027777777799999997,,,0.029255319100000003,,,0.0,,,0.0240931602,,,0.0017953321,,,0.0763645468,,,0.09217101609999999,,,0.0019243104999999998,,,0.0,,,.,,,.,,,.,,,.,,,.,,,.,,,.,,,.,,,.,,,.,,,.,,,.,,,True,1,0,0,0,True
chrMT,8860,.,A,G,,,,1,-1,-1,2,MT-ATP6,,,T112A,,,polymorphic,,,0.14,,,14872,,,.,,,rs2001031,,,.,,,.,,,.,,,0.070251,,,0.118425,,,0.0262,,,0.2304,,,0.9877309366,,,0.9618002195,,,0.9907120743000001,,,0.9722222222,,,0.9940898345,,,0.9655172414000001,,,0.9930397537000001,,,0.9461400359000001,,,0.9767985311,,,0.9816768462000001,,,0.9980756895,,,0.0,,,low_pathogenicity,,,0.369,,,neutral,,,0.326,,,neutral,,,0.317,,,neutral,,,0.17600000000000002,,,benign,,,0.0,,,benign,,,0.003,,,True,1,0,0,0,True
chrMT,8935,.,C,T,,,,1,-1,-1,2,MT-ATP6,,,L137F,,,pathogenic,,,0.81,,,15048,,,.,,,rs28377547,,,.,,,.,,,.,,,0.00022400000000000002,,,0.000753,,,0.0009,,,0.0041,,,7.13318e-05,,,0.000219539,,,0.0,,,0.0,,,0.0,,,0.0,,,0.0,,,0.0,,,8.345850000000001e-05,,,0.0,,,0.0,,,0.0,,,high_pathogenicity,,,0.7559999999999999,,,disease,,,0.737,,,disease,,,0.6629999999999999,,,neutral,,,0.308,,,probably_damaging,,,0.9990000000000001,,,probably_damaging,,,0.997,,,True,1,0,0,0,True
chrMT,9389,.,A,G,,,,1,-1,-1,2,MT-CO3,,,V61V,,,.,,,.,,,16110,,,.,,,rs28462217,,,.,,,.,,,.,,,0.005222999999999999,,,0.002321,,,0.0077,,,0.0123,,,0.0010937536999999998,,,0.0008781558999999999,,,0.0007739938,,,0.0,,,0.0008865247999999999,,,0.0,,,0.0017400616,,,0.0017953321,,,0.0007511267,,,0.0005552471,,,0.0032071840999999997,,,0.0,,,.,,,.,,,.,,,.,,,.,,,.,,,.,,,.,,,.,,,.,,,.,,,.,,,True,1,0,0,0,True
chrMT,9536,.,CC,C,,,,1,-1,-1,2,MT-CO3,,,frameshift,,,.,,,.,,,16466,,,.,,,.,,,.,,,.,,,colonic crypts,,,0.0,,,0.0,,,0.0023,,,0.0284,,,2.37773e-05,,,0.0,,,0.0,,,0.0,,,0.0,,,0.0,,,0.0,,,0.0,,,0.0,,,0.0,,,0.0,,,0.0,,,.,,,.,,,.,,,.,,,.,,,.,,,.,,,.,,,.,,,.,,,.,,,.,,,True,1,-1,0,0,False
chrMT,9537,.,C,CC,,,,1,-1,-1,2,MT-CO3,,,frameshift,,,.,,,.,,,16464,,,Cytochrome-c oxidase deficiency%3BLeigh syndrome,,,rs267606614,,,516050#0005,,,Leigh Disease,,,colonic crypts,,,0.0,,,0.0,,,0.0023,,,0.0284,,,0.9995244549,,,0.9993413831,,,1.0,,,1.0,,,1.0,,,1.0,,,1.0,,,1.0,,,1.0,,,0.9988895058,,,0.9993585631999999,,,0.0,,,.,,,.,,,.,,,.,,,.,,,.,,,.,,,.,,,.,,,.,,,.,,,.,,,True,1,1,0,0,False
chrMT,10463,.,T,C,,,,1,-1,-1,2,MT-TR,,,.,,,polymorphic,,,0.1,,,18734,,,.,,,rs28358279,,,.,,,.,,,endometrium tumor,,,0.177498,,,0.12456300000000001,,,.,,,.,,,0.046436978399999995,,,0.0531284303,,,0.0118679051,,,0.027777777799999997,,,0.030437352200000004,,,0.0,,,0.024227011099999998,,,0.0026929982,,,0.0787013854,,,0.09050527480000001,,,0.0038486209000000004,,,0.0,,,.,,,.,,,.,,,.,,,.,,,.,,,.,,,.,,,.,,,.,,,.,,,.,,,True,1,0,0,0,True
chrMT,10952,.,C,CC,,,,1,-1,-1,2,MT-ND4,,,frameshift,,,.,,,.,,,19898,,,.,,,.,,,.,,,.,,,oncocytoma,,,0.0,,,1e-06,,,0.0043,,,0.0091,,,0.0,,,0.0008781558999999999,,,0.0,,,0.0,,,0.0,,,0.0,,,0.0,,,0.0,,,0.0,,,0.0016657413,,,0.0,,,0.0,,,.,,,.,,,.,,,.,,,.,,,.,,,.,,,.,,,.,,,.,,,.,,,.,,,True,1,1,0,0,False
chrMT,11251,.,A,G,,,,1,-1,-1,2,MT-ND4,,,L164L,,,.,,,.,,,20593,,,.,,,rs869096886,,,.,,,.,,,.,,,0.295618,,,0.226136,,,0.0002,,,0.0,,,0.0908291129,,,0.1009879254,,,0.0175438596,,,0.0694444444,,,0.0576241135,,,0.06896551719999999,,,0.0444384955,,,0.0017953321,,,0.1607411117,,,0.17767906719999998,,,0.0019243104999999998,,,0.0,,,.,,,.,,,.,,,.,,,.,,,.,,,.,,,.,,,.,,,.,,,.,,,.,,,True,1,0,0,0,True
chrMT,11621,.,ATA,A,,,,1,-1,-1,2,MT-ND4,,,frameshift,,,.,,,.,,,21459,,,.,,,.,,,.,,,.,,,.,,,0.0,,,0.0,,,.,,,.,,,2.37773e-05,,,0.000219539,,,0.0,,,0.0,,,0.0,,,0.0,,,0.0,,,0.0,,,0.0,,,0.0,,,0.0,,,0.0,,,.,,,.,,,.,,,.,,,.,,,.,,,.,,,.,,,.,,,.,,,.,,,.,,,True,1,-2,0,0,False
chrMT,11719,.,G,A,,,,1,-1,-1,2,MT-ND4,,,G320G,,,.,,,.,,,21687,,,.,,,rs2853495,,,.,,,.,,,.,,,0.835694,,,0.64245,,,0.0043,,,0.0201,,,0.7863613667,,,0.6851811195999999,,,0.9582043344,,,0.8888888889,,,0.8785460993,,,0.8965517241,,,0.9388301431999999,,,0.9964093356999999,,,0.5681021532,,,0.4841754581,,,0.992944195,,,0.0,,,.,,,.,,,.,,,.,,,.,,,.,,,.,,,.,,,.,,,.,,,.,,,.,,,True,1,0,0,0,True
chrMT,11872,.,C,CC,,,,1,-1,-1,2,MT-ND4,,,frameshift,,,.,,,.,,,22039,,,.,,,.,,,.,,,.,,,pituitary oncocytoma,,,0.0,,,0.0,,,0.0041,,,0.0299,,,4.75545e-05,,,0.0008781558999999999,,,0.0,,,0.0,,,0.0,,,0.0,,,0.0,,,0.0,,,0.00016691700000000001,,,0.0016657413,,,0.0,,,0.0,,,.,,,.,,,.,,,.,,,.,,,.,,,.,,,.,,,.,,,.,,,.,,,.,,,True,1,1,0,0,False
chrMT,12232,.,TC,T,,,,1,-1,-1,2,MT-TS2,,,.,,,VUS,,,.,,,22938,,,.,,,.,,,.,,,.,,,control colon tissue,,,0.0,,,0.0,,,.,,,.,,,0.0633663837,,,0.0046103183,,,0.0077399381000000005,,,0.0,,,0.0410756501,,,0.0,,,0.21924775800000001,,,0.0017953321,,,0.0407277583,,,0.0005552471,,,0.006414368199999999,,,0.0,,,.,,,.,,,.,,,.,,,.,,,.,,,.,,,.,,,.,,,.,,,.,,,.,,,True,1,-1,0,0,False
chrMT,12384,.,T,TT,,,,1,-1,-1,2,MT-ND5,,,frameshift,,,.,,,.,,,23359,,,.,,,.,,,.,,,.,,,.,,,0.0,,,0.0,,,0.0015,,,0.0054,,,0.936229403,,,0.9945115258,,,0.9922600618999999,,,1.0,,,0.9589243499,,,1.0,,,0.7806183911,,,0.9955116696999999,,,0.9590218661,,,0.9988895058,,,0.9935856318,,,0.0,,,.,,,.,,,.,,,.,,,.,,,.,,,.,,,.,,,.,,,.,,,.,,,.,,,True,1,1,0,0,False
chrMT,12633,.,C,A,,,,1,-1,-1,2,MT-ND5,,,S99S,,,.,,,.,,,23953,,,.,,,rs3926883,,,.,,,.,,,.,,,0.10975599999999999,,,0.093089,,,0.0031,,,0.0271,,,0.0120075136,,,0.0142700329,,,0.0049019608,,,0.0,,,0.0067966903,,,0.0,,,0.010574220300000001,,,0.0,,,0.0174428309,,,0.0188784009,,,0.0,,,0.0,,,.,,,.,,,.,,,.,,,.,,,.,,,.,,,.,,,.,,,.,,,.,,,.,,,True,1,0,0,0,True
chrMT,13083,.,A,AC,,,,1,-1,-1,2,MT-ND5,,,frameshift,,,.,,,.,,,25011,,,.,,,.,,,.,,,.,,,pituitary oncocytoma,,,0.0,,,0.0,,,0.0013,,,0.0,,,0.0,,,0.0,,,0.0,,,0.0,,,0.0,,,0.0,,,0.0,,,0.0,,,0.0,,,0.0,,,0.0,,,0.0,,,.,,,.,,,.,,,.,,,.,,,.,,,.,,,.,,,.,,,.,,,.,,,.,,,True,1,1,0,0,False
chrMT,13368,.,G,A,,,,1,-1,-1,2,MT-ND5,,,G344G,,,.,,,.,,,25677,,,.,,,rs3899498,,,.,,,.,,,.,,,0.185125,,,0.130457,,,0.0025,,,0.0119,,,0.048458045,,,0.0559824369,,,0.012125903,,,0.027777777799999997,,,0.0322104019,,,0.0,,,0.0274394325,,,0.0017953321,,,0.0774495076,,,0.0955024986,,,0.014753046799999999,,,0.0,,,.,,,.,,,.,,,.,,,.,,,.,,,.,,,.,,,.,,,.,,,.,,,.,,,True,1,0,0,0,True
chrMT,14080,.,G,GA,,,,1,-1,-1,2,MT-ND5,,,frameshift,,,.,,,.,,,27323,,,.,,,.,,,.,,,.,,,pituitary oncocytoma,,,0.0,,,0.0,,,0.0025,,,0.0133,,,0.0,,,0.0,,,0.0,,,0.0,,,0.0,,,0.0,,,0.0,,,0.0,,,0.0,,,0.0,,,0.0,,,0.0,,,.,,,.,,,.,,,.,,,.,,,.,,,.,,,.,,,.,,,.,,,.,,,.,,,True,1,1,0,0,False
chrMT,14509,.,AA,A,,,,1,-1,-1,2,MT-ND6,,,frameshift,,,.,,,.,,,28340,,,.,,,.,,,.,,,.,,,endometrial tumor,,,0.0,,,0.0,,,0.0011,,,0.0747,,,7.13318e-05,,,0.0006586169,,,0.0,,,0.0,,,0.0,,,0.0,,,0.0,,,0.0,,,0.00016691700000000001,,,0.0,,,0.0,,,0.0,,,.,,,.,,,.,,,.,,,.,,,.,,,.,,,.,,,.,,,.,,,.,,,.,,,True,1,-1,0,0,False
chrMT,14766,.,C,T,,,,1,-1,-1,2,MT-CYB,,,T7I,,,polymorphic,,,0.09,,,28983,,,150279,,,rs193302980,,,.,,,.,,,.,,,0.8474860000000001,,,0.646413,,,.,,,.,,,0.7803219440000001,,,0.6768386389,,,0.9713622290999999,,,0.8888888889,,,0.8752955083,,,0.8275862069,,,0.9318698969,,,0.9775583483,,,0.5645968953,,,0.483620211,,,0.9910198845,,,0.0,,,low_pathogenicity,,,0.165,,,neutral,,,0.17,,,neutral,,,0.319,,,neutral,,,0.07400000000000001,,,benign,,,0.001,,,benign,,,0.003,,,True,1,0,0,0,True
chrMT,15326,.,A,G,,,,1,-1,-1,2,MT-CYB,,,T194A,,,polymorphic,,,0.12,,,30311,,,150284,,,rs2853508,,,.,,,.,,,.,,,0.028402999999999998,,,0.09508,,,.,,,.,,,0.930166203,,,0.9681668495999999,,,0.9886480907999999,,,0.9861111111,,,0.9518321513,,,0.9655172414000001,,,0.770981127,,,0.9802513465,,,0.9519278918,,,0.9833425875,,,0.9923027581999999,,,0.0,,,low_pathogenicity,,,0.452,,,neutral,,,0.294,,,neutral,,,0.244,,,neutral,,,0.049,,,benign,,,0.0,,,benign,,,0.009000000000000001,,,True,1,0,0,0,True
chrMT,15452,.,C,A,,,,1,-1,-1,2,MT-CYB,,,L236I,,,polymorphic,,,0.15,,,30609,,,153648,,,rs193302994,,,.,,,.,,,.,,,0.681064,,,0.460966,,,0.4527,,,0.3823,,,0.0921606391,,,0.1014270033,,,0.0178018576,,,0.0694444444,,,0.059692671399999994,,,0.06896551719999999,,,0.046312408,,,0.0017953321,,,0.1624937406,,,0.17767906719999998,,,0.0032071840999999997,,,0.0,,,low_pathogenicity,,,0.098,,,neutral,,,0.35700000000000004,,,neutral,,,0.261,,,neutral,,,0.043,,,benign,,,0.028999999999999998,,,benign,,,0.244,,,True,1,0,0,0,True
chrMT,15540,.,C,CC,,,,1,-1,-1,2,MT-CYB,,,frameshift,,,.,,,.,,,30816,,,.,,,.,,,.,,,.,,,colonic crypts,,,0.0,,,0.0,,,0.0008,,,0.0018,,,0.9998335592,,,0.9993413831,,,0.9997420021,,,1.0,,,1.0,,,0.9655172414000001,,,0.9998661490999999,,,1.0,,,0.9999165415000001,,,1.0,,,0.9993585631999999,,,0.0,,,.,,,.,,,.,,,.,,,.,,,.,,,.,,,.,,,.,,,.,,,.,,,.,,,True,1,1,0,0,False
chrMT,15939,.,CT,C,,,,1,-1,-1,2,MT-TT,,,.,,,polymorphic,,,0.0,,,31905,,,.,,,.,,,.,,,MERRF-like disease,,,.,,,0.00705,,,0.008221,,,.,,,.,,,0.069833797,,,0.0057080132,,,0.041795665600000004,,,0.0,,,0.0496453901,,,0.0,,,0.2217909249,,,0.0017953321,,,0.042313470199999995,,,0.0005552471,,,0.006414368199999999,,,0.0,,,.,,,.,,,.,,,.,,,.,,,.,,,.,,,.,,,.,,,.,,,.,,,.,,,True,1,-1,0,0,False
chrMT,16032,.,T,TTTCTCTGTTCTTTCAT,,,,1,-1,-1,2,MT-DLOOP,,,.,,,.,,,.,,,32156,,,.,,,.,,,.,,,.,,,.,,,0.0,,,0.0,,,.,,,.,,,0.0,,,0.0,,,0.0,,,0.0,,,0.0,,,0.0,,,0.0,,,0.0,,,0.0,,,0.0,,,0.0,,,0.0,,,.,,,.,,,.,,,.,,,.,,,.,,,.,,,.,,,.,,,.,,,.,,,.,,,True,1,16,0,0,False
chrMT,16052,.,CC,C,,,,1,-1,-1,2,MT-DLOOP,,,.,,,.,,,.,,,32166,,,.,,,.,,,.,,,.,,,myocyte,,,0.0,,,0.000332,,,.,,,.,,,0.0637468198,,,0.0043907794,,,0.0077399381000000005,,,0.0,,,0.0413711584,,,0.0,,,0.21924775800000001,,,0.0017953321,,,0.0409781339,,,0.0005552471,,,0.006414368199999999,,,0.0,,,.,,,.,,,.,,,.,,,.,,,.,,,.,,,.,,,.,,,.,,,.,,,.,,,True,1,-1,0,0,False
chrMT,16163,.,A,G,,,,1,-1,-1,2,MT-DLOOP,,,.,,,.,,,.,,,32198,,,.,,,rs41479950,,,.,,,.,,,.,,,0.049806,,,0.045283,,,.,,,.,,,0.0131488218,,,0.0184412733,,,0.0103199174,,,0.0,,,0.0079787234,,,0.0,,,0.009101860500000001,,,0.0017953321,,,0.0193623769,,,0.022209883399999998,,,0.0038486209000000004,,,0.0,,,.,,,.,,,.,,,.,,,.,,,.,,,.,,,.,,,.,,,.,,,.,,,.,,,True,1,0,0,0,True
chrMT,16182,.,AA,A,,,,1,-1,-1,2,MT-DLOOP,,,.,,,.,,,.,,,32209,,,.,,,.,,,.,,,.,,,colonic crypts,,,0.8905860000000001,,,0.516124,,,.,,,.,,,0.06793161660000001,,,0.0059275521,,,0.0092879257,,,0.0,,,0.0463947991,,,0.0,,,0.21964931070000002,,,0.0017953321,,,0.0470706059,,,0.0038867296,,,0.006414368199999999,,,0.0,,,.,,,.,,,.,,,.,,,.,,,.,,,.,,,.,,,.,,,.,,,.,,,.,,,True,1,-1,0,0,False
chrMT,16186,.,C,T,,,,1,-1,-1,2,MT-DLOOP,,,.,,,.,,,.,,,39829,,,.,,,.,,,.,,,.,,,.,,,0.045958,,,0.045255000000000004,,,.,,,.,,,0.0123879497,,,0.0164654226,,,0.0098039216,,,0.0,,,0.0076832151,,,0.034482758599999996,,,0.0089680096,,,0.0008976661,,,0.0172759139,,,0.0210993892,,,0.0006414368,,,0.0,,,.,,,.,,,.,,,.,,,.,,,.,,,.,,,.,,,.,,,.,,,.,,,.,,,True,1,0,0,0,True
chrMT,16189,.,T,TT,,,,1,-1,-1,2,MT-DLOOP,,,.,,,.,,,.,,,32216,,,.,,,.,,,.,,,.,,,bladder tumor,,,0.0,,,0.0,,,.,,,.,,,0.6726823121,,,0.7727771679000001,,,0.4066047472,,,0.5277777778,,,0.6740543735,,,0.7931034483,,,0.600455093,,,0.6813285458,,,0.8029544316,,,0.8334258745,,,0.2674791533,,,0.0,,,.,,,.,,,.,,,.,,,.,,,.,,,.,,,.,,,.,,,.,,,.,,,.,,,True,1,1,0,0,False
chrMT,16193,.,C,CC,CCC,CCCC,,1,1,-1,4,MT-DLOOP,.,.,.,.,.,.,.,.,.,.,.,32220,.,.,.,.,.,rs869031780,.,.,.,.,.,.,.,.,.,.,.,4e-06,.,.,5e-05,.,.,.,.,.,.,.,.,0.0104619921,.,.,0.0287596048,.,.,0.0092879257,.,.,0.1666666667,.,.,0.0342789598,.,.,0.0,.,.,0.0129835363,.,.,0.0628366248,.,.,0.0050075113,.,.,0.0161021655,.,.,0.007697241800000001,.,.,0.0,.,.,.,.,.,.,.,.,.,.,.,.,.,.,.,.,.,.,.,.,.,.,.,.,.,.,.,.,.,.,.,.,.,.,.,.,.,.,True,3,1,2,3,False
chrMT,16294,.,C,T,,,,1,-1,-1,2,MT-DLOOP,,,.,,,.,,,.,,,32288,,,.,,,rs140662392,,,.,,,.,,,.,,,0.27822199999999997,,,0.180368,,,.,,,.,,,0.0951565732,,,0.0792535675,,,0.242002064,,,0.2361111111,,,0.058806146600000005,,,0.2413793103,,,0.046312408,,,0.012567325,,,0.0932231681,,,0.1143808995,,,0.0115458627,,,0.0,,,.,,,.,,,.,,,.,,,.,,,.,,,.,,,.,,,.,,,.,,,.,,,.,,,True,1,0,0,0,True
chrMT,16519,.,T,C,,,,2,-1,-1,2,MT-DLOOP,,,.,,,.,,,.,,,32334,,,.,,,rs3937033,,,.,,,.,,,glioblastoma%2C gastric%2C lung%2C ovarian%2C prostate tumors,,,0.852188,,,0.755745,,,.,,,.,,,0.6112656633,,,0.5525795829,,,0.6517027864,,,0.5555555556,,,0.5372340426,,,0.1379310345,,,0.515192076,,,0.4596050269,,,0.6249374061,,,0.6129927817999999,,,0.8838999359,,,0.0,,,.,,,.,,,.,,,.,,,.,,,.,,,.,,,.,,,.,,,.,,,.,,,.,,,True,1,0,0,0,True
